Source	Target
de_inferno	1
de_inferno	1
de_inferno	1
de_inferno	1
de_inferno	1
de_inferno	1
de_inferno	1
de_inferno	1
de_inferno	1
de_inferno	1
de_inferno	1
de_inferno	1
de_inferno	1
de_inferno	1
de_inferno	1
de_inferno	1
de_inferno	1
de_inferno	1
de_inferno	1
de_inferno	1
de_inferno	1
de_inferno	1
de_inferno	1
de_inferno	1
de_inferno	1
de_inferno	1
de_inferno	1
de_inferno	1
de_inferno	1
de_inferno	1
de_inferno	1
de_inferno	1
de_inferno	1
de_inferno	1
de_inferno	1
de_inferno	1
de_inferno	1
de_inferno	1
de_inferno	1
de_inferno	1
de_inferno	1
de_inferno	1
de_inferno	1
de_inferno	1
de_inferno	1
de_inferno	1
de_inferno	1
de_inferno	1
de_inferno	1
de_inferno	1
de_inferno	1
de_inferno	1
de_inferno	1
de_inferno	1
de_inferno	1
de_inferno	1
de_inferno	1
de_inferno	1
de_inferno	1
de_inferno	1
de_inferno	1
de_inferno	1
de_inferno	1
de_inferno	1
de_inferno	1
de_inferno	1
de_inferno	1
de_inferno	1
de_inferno	1
de_inferno	1
de_inferno	1
de_inferno	1
de_inferno	1
de_inferno	1
de_inferno	1
de_inferno	1
de_inferno	1
de_inferno	1
de_inferno	1
de_inferno	1
de_inferno	1
de_inferno	1
de_inferno	1
de_inferno	1
de_inferno	1
de_inferno	1
de_inferno	1
de_inferno	1
de_inferno	1
de_inferno	1
de_inferno	1
de_inferno	1
de_inferno	1
de_inferno	1
de_inferno	1
de_inferno	1
de_inferno	1
de_inferno	1
de_inferno	1
de_inferno	1
de_inferno	1
de_inferno	1
de_inferno	1
de_inferno	1
de_inferno	1
de_inferno	1
de_inferno	1
de_inferno	1
de_inferno	1
de_inferno	1
de_inferno	1
de_inferno	1
de_inferno	1
de_inferno	1
de_inferno	1
de_inferno	1
de_inferno	1
de_inferno	1
de_inferno	1
de_inferno	1
de_inferno	1
de_inferno	1
de_inferno	1
de_inferno	1
de_inferno	1
de_inferno	1
de_inferno	1
de_inferno	1
de_inferno	1
de_inferno	1
de_inferno	1
de_inferno	1
de_inferno	1
de_inferno	1
de_inferno	1
de_inferno	1
de_inferno	1
de_inferno	1
de_inferno	1
de_inferno	1
de_inferno	1
de_inferno	1
de_inferno	1
de_inferno	1
de_inferno	1
de_inferno	1
de_inferno	1
de_inferno	1
de_inferno	1
de_inferno	1
de_inferno	1
de_inferno	1
de_inferno	1
de_inferno	1
de_inferno	1
de_inferno	1
de_inferno	1
de_inferno	1
de_inferno	1
de_inferno	1
de_inferno	1
de_inferno	1
de_inferno	1
de_inferno	1
de_inferno	1
de_inferno	1
de_inferno	1
de_inferno	1
de_inferno	1
de_inferno	1
de_inferno	1
de_inferno	1
de_inferno	1
de_inferno	1
de_inferno	1
de_inferno	1
de_inferno	1
de_inferno	1
de_inferno	1
de_inferno	1
de_inferno	1
de_inferno	1
de_inferno	1
de_inferno	1
de_inferno	1
de_inferno	1
de_inferno	2
de_inferno	2
de_inferno	2
de_inferno	2
de_inferno	2
